2017-12-13 15:18:22 +0900,aa,asd,a,123
2017-12-13 15:18:30 +0900,a,a,123,123
2017-12-13 15:19:04 +0900,a,a,1412412,123
2017-12-13 15:20:39 +0900,asd,as,1234,123
2017-12-13 15:21:15 +0900,a,as,123,123
2017-12-13 15:22:26 +0900,a,as,123,123
2017-12-13 15:22:55 +0900,a,a,123,123
2017-12-13 15:22:59 +0900,"","",14,123
2017-12-13 15:23:16 +0900,"","",123,123
2017-12-13 15:23:28 +0900,"","",123,123
2017-12-13 15:23:29 +0900,"","",123,123
2017-12-13 15:23:29 +0900,"","",123,123
2017-12-13 15:23:38 +0900,1,12,123,123
2017-12-13 15:24:02 +0900,1,12,123,123
2017-12-13 15:24:02 +0900,1,12,123,123
2017-12-13 15:24:03 +0900,1,12,123,123
2017-12-13 15:24:04 +0900,1,12,123,123
2017-12-13 15:24:04 +0900,1,12,123,123
2017-12-13 15:24:09 +0900,,,,
2017-12-13 15:24:19 +0900,14,124,1234,123
2017-12-13 15:24:23 +0900,14,124,1234,123
2017-12-13 15:24:58 +0900,14,124,1234,123
2017-12-13 15:25:29 +0900,1,123,6513245123451,123
2017-12-13 15:25:44 +0900,"","",124124,123
2017-12-13 15:30:43 +0900,"","",124124,123
