 ,
maro,2017-12-12 13:38:42 +0900
maro,2017-12-12 13:38:48 +0900
maro,2017-12-12 13:38:48 +0900
maro,2017-12-12 13:38:48 +0900
maro,2017-12-12 13:38:48 +0900
maro,2017-12-12 13:38:48 +0900
maro,2017-12-12 13:38:49 +0900
maro,2017-12-12 13:38:50 +0900
maro,2017-12-12 13:38:50 +0900
maro,2017-12-12 13:38:51 +0900
maro,2017-12-12 13:38:51 +0900
maro,2017-12-12 13:38:52 +0900
maro,2017-12-12 13:38:52 +0900
maro,2017-12-12 13:38:52 +0900
maro,2017-12-12 13:38:53 +0900
maro,2017-12-12 13:38:53 +0900
sad,2017-12-12 13:39:07 +0900
asdafa,2017-12-12 13:39:15 +0900
maro,2017-12-12 13:44:20 +0900
